sku,name,price,enkor_sku
601979103,GAS 25,11966,78292
601989103,GAS 50,17303,78293
611245708,GBH 11 DE,24781
0.611.25A.400,GBH 2-20 D,4317
0.611.254.768,GBH 2-26 DFR,6799,30438
0.611.253.708,GBH 2-26 DRE,6119
611253768,GBH 2-26 DRE-Set,6289
0.611.267.201,GBH 2-28 DFV,8159
0.611.267.100,GBH 2-28 DV,6799
611267101,GBH 2-28 DV L-BOXX,7478
611253803,GBH 2400,5099
061124A000,GBH 3-28 DFR,9824
0.611.23A.000,GBH 3-28 DRE,8804
0.611.332.100,GBH 4-32 DFR,12884
611332101,GBH 4-32 DFR-S,14583
611264000,GBH 5-40 DCE,19342
611263708,GBH 7-46 DE,21722
0601B23600,GCM 12 GDL,33313
0601B23508,GCM 12 SD,26515
601434108,GDS 24,23999
601435108,GDS 30,26786
601387500,GEX 125-1 AE,2686
060137B101,GEX 125-150 AVE,9144
601944703,GHG 660 LCD,4385
601594003,GHO 15-82,3705
601594303,GHO 26-82,5405
060159A760,GHO 40-82 C,7445
601670000,GKS 160,4725
601623000,GKS 190,5065
601668900,GKS 65 GCE,9348
060157A000,GKS 85,10164
601621708,GNF 35 CA,18017
601230502,GOP 300 SCE,10878
601217102,GSB 13 RE,2108
060114E500,GSB 16 RE,4385
601218121,GSB 1600 RE,3026
060119C500,GSB 21-2 RE,6085
611316708,GSH 11 E,22401
611335000,GSH 16-28,34979
611335100,GSH 16-30,31138
611321000,GSH 5 CE,15977
601277103,GSM 200,6764
601868100,GSR 10.8-2-LI,4725
06019A8900,GSR 1080-LI,4317
601865400,"GSR 14,4 VE-2-LI",12884
0601918G20,"GSR 14,4-2",4148
06019A4407,"GSR 14,4-2-LI",6085
06019A4400,"GSR 14,4-2-LI LBOXX",6764
06019A8400,"GSR 1440-LI",5065
601866102,GSR 18 V-LI,12884
601865300,GSR 18 VE-2-LI,14583
06019A4306,GSR 18-2-LI ,6764
06019A4300,GSR 18-2-LI  L-BOXX,7445
601515000,GST 140 BCE,8498
601513000,GST 150 BCE,5745
060158E001,GST 75 BE,3842
060158F000,GST 90 BE,4249
601821020,GWS 10-125,3705,33568
601821800,GWS 1000,3365
601822020,GWS 11-125 CI,4283
601823220,GWS 11-125 CIE (V),4657
601823720,GWS 11-125 CIE (VSK),5269
601824220,GWS 14-125 CI (V),5235
601825220,GWS 14-125 CIE (V),5643
601826620,GWS 14-150 CI (VS),6799
601824800,GWS 1400,4079
601830522,GWS 15-150 CIH,6935
0601890D00,GWS 22-180 LVI,6459
601882103,GWS 22-230 H,4249
601882203,GWS 22-230 JH,4623
0601891D00,GWS 22-230 LVI,6459
0601893F04,GWS 24-230 LVI,7309
601856500,GWS 26-230 JBV,7784
060137508H,GWS 660,2006
601388102,GWS 7-125,2345
0.601.378.781 ,GWS 850 СЕ,2608
F0130200JD,Dremel 200-5,1890
F0130300TC,Dremel 300-1/55,3371
F0130300TB,Dremel 300-30,2354
F0134000JC,Dremel 4000-1/45,5025
F0134000JF,Dremel 4000-1/65,6364
F0138200JG,Dremel 8200-1/35,4845
F0130910JA,Dremel Glue Gun 910,569
F0130920JA,Dremel Glue Gun 920,692
F0130930JA,Dremel Glue Gun 930,806
F0130940JA,Dremel Glue Gun 940,1424
F013SM20JC,Dremel Saw Max ,5984
F0136800JD,Dremel Trio 6800,5410
F0132200JA,Dremel Versaflame,1900
F0132000JA,DREMEL Versatip,1710
26150225JA,ГИБКИЙ ВАЛ-УДЛИНИТЕЛЬ,1372
26150335JA,ПР-КА ДЛЯ ФРЕЗЕРОВАНИЯ335,1197
26150220JB,СТОЙКА ДЛЯ СВЕРЛЕНИЯ,2286
603959320,IXO 4,1699
0603B07000,PBD 40,11219
603394220,PBH 3000-2 FRE,5949
603206000,PFS 55,2719
603206100,PFS 65,4079
603272208,PHO 1,2549
603264508,PKP 18 E,1189,3602
060326A100,POF 1200 AE,3399
603126025,PSB 50,1699
603127020,PSB 500 RE,2039
603126021,PSB 550 RE,2399
603128020,PSB 650 RE,2889
603955520,PSR 12 (1.BAT),2549
603944508,PSR 1200 12V,2039
603944551,PSR 1200 2AK,2699
603955420,PSR 14,4 (1.BAT),2889
603413020,PST 650,1699
06033A0020,PST 700 E,2039
06033A0120,PST 800 PEL,2719
06033A0220,PST 900 PEL,3399
603164020,PWS 720-115,1699
600834400,AKE 30 S,3902
600834500,AKE 35 S,4667
0600878B00,ART 23 COMBITRIM,1989
0600878H00,ART 23 EASYTRIM ACCU,2967
0600878C00,ART 26 COMBITRIM,2414,31207
0600878G00,ART 26 EASYTRIM,1479
0600878D21,ART 30 COMBITRIM,3179
0600878A02,ART 300  ,1309
0600876G00,ОЧИСТ. В.Д. AQUATAK 10,2542
0600876A00,ОЧИСТ. В.Д. AQUATAK 100,2967
600833027,ISIO 2 НОЖНИЦЫ+КУСТОРЕЗ,3103
0600885B00,ROTAK 32,4242,80516
600882000,ROTAK 34 New,6112
600882100,ROTAK 37 New,6962
600881200,ROTAK 40 New,8407

